0.0009532759,0.0007480765,0.0007202074,0.0006948581,0.0006846587,0.0006636663,0.00065908255,0.0006602118,0.0006625472,0.0006659024,0.0006781506,0.000688926,0.00070251303,0.00071816513,0.00073898915,0.0007568938,0.00077697926,0.00079045875,0.0008049331,0.00081696134,0.0008222609,0.00081970956,0.00082273345,0.0008189583,0.0008162645,0.0008183145,0.0008170537,0.0008228365,0.00081827695,0.0008140777,0.0008119441,0.0008140538
0.0013906336,0.0011009369,0.0010624949,0.0010299323,0.0010195894,0.0009988042,0.0009874422,0.0009962808,0.0010014636,0.0010135444,0.0010332513,0.0010493449,0.001073943,0.0011041528,0.0011331801,0.0011639404,0.0011961076,0.001218931,0.0012437629,0.0012612713,0.0012697959,0.0012699297,0.0012724884,0.0012677086,0.001263312,0.0012637738,0.0012654093,0.0012700827,0.0012584266,0.0012549651,0.0012506426,0.0012435704
0.0010410019,0.00082616566,0.00080249633,0.0007790437,0.0007735341,0.00076306047,0.00075462984,0.0007648997,0.0007711896,0.00078399165,0.00080092193,0.00081440574,0.0008389871,0.00086131424,0.00088832254,0.0009143854,0.0009418048,0.0009611522,0.000981937,0.001000835,0.0010038711,0.0010111405,0.0010139752,0.0010125452,0.0010110554,0.0010116963,0.0010172792,0.0010148751,0.0010142216,0.0010103559,0.001006773,0.0010049823
0.00045650988,0.00036110714,0.00034658168,0.00033779856,0.00033542328,0.00032714717,0.00032753384,0.0003308595,0.0003343857,0.00033974217,0.0003486768,0.0003569391,0.00036591874,0.00037940659,0.00039185048,0.00040472785,0.00041848898,0.00043029105,0.00044321702,0.00045132393,0.00046020583,0.00046522633,0.00046870962,0.0004711597,0.00047568104,0.00048154613,0.00048418329,0.0004949233,0.00049447926,0.0004988111,0.0005052915,0.0005098672
0.00064179674,0.0005123895,0.0005004527,0.00049020746,0.0004889441,0.00048362528,0.00048276622,0.0004907699,0.0004972578,0.00050711614,0.0005205022,0.000532782,0.0005484712,0.00056706887,0.0005863367,0.00060561235,0.00062580226,0.0006422086,0.0006600977,0.0006724518,0.00068199896,0.00068780605,0.0006921509,0.0006941448,0.00069792056,0.0007040732,0.0007097513,0.0007195951,0.0007201265,0.0007259665,0.00073207624,0.00073814136
0.00090888166,0.0007154472,0.00069853995,0.00067404174,0.00066626124,0.0006600214,0.00064386224,0.0006540645,0.0006580937,0.00065824384,0.0006729173,0.0006863376,0.00069078495,0.0007183797,0.00072623877,0.0007446233,0.000761443,0.0007685892,0.0007788835,0.0007879218,0.0007793471,0.0007851479,0.0007728229,0.0007633143,0.00075598835,0.0007499782,0.00074249925,0.0007443884,0.0007309989,0.00075300905,0.00077181787,0.0007845178
0.000656234,0.00052015093,0.00049380155,0.00047923747,0.00047215648,0.00045238854,0.0004521973,0.0004482528,0.00044627136,0.0004518504,0.0004531595,0.0004580462,0.00046207733,0.0004718305,0.00047832757,0.00048558647,0.00049480953,0.00049723836,0.00049505295,0.0005052859,0.00048145762,0.0004965676,0.00047824546,0.0004691723,0.00046615564,0.00046219752,0.00045816795,0.00045978933,0.00045554937,0.00045860716,0.00045775945,0.00047463877
0.00043116862,0.00033996507,0.0003350526,0.00032439054,0.00032883984,0.0003206558,0.00032719594,0.00033134245,0.00033743036,0.00034848409,0.00035849842,0.00037105544,0.0003821539,0.00039985732,0.00041413953,0.00043058282,0.00044704755,0.0004615566,0.0004764471,0.00048772193,0.00049347116,0.0005029745,0.0005053581,0.0005070849,0.000513869,0.0005198006,0.0005249668,0.00052930566,0.0005345026,0.00053375185,0.000534481,0.00055049127
0.0002398505,0.00019613018,0.00020828872,0.00020956488,0.0002295374,0.00022720851,0.0002495201,0.0002653504,0.00028631964,0.0003000465,0.00033119664,0.00035295446,0.00039087725,0.0004091356,0.00045621934,0.0004883202,0.0005289577,0.0005676107,0.00059849577,0.00064418255,0.00066275254,0.000701719,0.0007275269,0.0007531078,0.0007732633,0.0007990913,0.000823554,0.00085243635,0.0008667753,0.0008899751,0.0009072014,0.0009276193
0.0012612476,0.0010179912,0.0009947006,0.0009783097,0.0009807141,0.0009658945,0.00097270345,0.0009832233,0.0009957266,0.0010122517,0.0010375181,0.0010575687,0.0010867366,0.0011093039,0.0011450059,0.0011708207,0.0012002332,0.0012145508,0.0012343996,0.001235418,0.0012429391,0.0012205568,0.0012081272,0.0011847336,0.0011659489,0.001145037,0.0011297,0.0011046735,0.001082405,0.0010555063,0.0010296484,0.0010110865
0.0009562069,0.0007893349,0.0008018445,0.00081983313,0.00085373165,0.0008803933,0.0009105254,0.0009631307,0.001010776,0.0010659575,0.0011287354,0.0011940554,0.0012579566,0.0013407789,0.0014179867,0.0014990484,0.0015826437,0.001654977,0.0017283753,0.0017879709,0.001835576,0.0018677359,0.0018941164,0.0019081088,0.0019194353,0.0019300642,0.0019358428,0.0019403555,0.001918178,0.0018978086,0.0018683663,0.0018390793
0.0028860983,0.0023105922,0.002253341,0.0021985103,0.0021887193,0.0021419122,0.0021233736,0.002134046,0.0021361979,0.0021403814,0.0021647841,0.002174002,0.0021818914,0.0022212935,0.0022275192,0.0022377493,0.0022453018,0.0022300766,0.002208488,0.0021572832,0.0021209894,0.0020221658,0.0019290637,0.0018351568,0.0017302467,0.0016275638,0.0015183986,0.0014405194,0.0013075054,0.0011968536,0.0011103839,0.0010215589
0.0024107313,0.001895598,0.001809378,0.001735233,0.0016942458,0.0016270254,0.0015858433,0.0015697054,0.0015477778,0.0015380997,0.0015387269,0.0015430278,0.0015500637,0.0015741083,0.0016023944,0.0016322562,0.0016706414,0.0017007127,0.0017383673,0.0017689045,0.0017882719,0.0018045163,0.0018227684,0.0018291407,0.0018462389,0.0018667165,0.0018871113,0.0019120713,0.0019204015,0.0019286202,0.0019442163,0.0019601912
0.0029737018,0.0024067678,0.002369806,0.0023376532,0.00235399,0.0023369303,0.0023447198,0.0023892464,0.0024267028,0.0024727653,0.0025380796,0.0025952018,0.0026544398,0.0027314937,0.0027993927,0.0028647662,0.0029224257,0.0029572425,0.002985848,0.0029822416,0.0029628736,0.0029217287,0.0028608954,0.0027876867,0.0027241954,0.0026599746,0.0025917043,0.0025261187,0.0024513332,0.0023847152,0.0023421154,0.002326337
0.0013810089,0.0010819166,0.0010344675,0.0009851876,0.00094622106,0.0009001769,0.00086878816,0.0008468457,0.0008211145,0.00080752897,0.0008071919,0.00080655137,0.0008234553,0.0008579679,0.00089288433,0.00093511917,0.0009907187,0.0010506897,0.0011244172,0.0012073413,0.0012934823,0.0013779836,0.0014706991,0.0015670703,0.0016675422,0.0017724014,0.0018785251,0.0019852961,0.0020768258,0.0021609406,0.0022430476,0.0023225448
0.0023065298,0.0018563387,0.0018130586,0.0017765766,0.0017708255,0.0017310344,0.0017053037,0.0017050907,0.0016978082,0.0016925787,0.001697207,0.0017027952,0.001713291,0.0017281835,0.0017323933,0.0017480771,0.0017854753,0.001836924,0.0019169138,0.0020047005,0.002085953,0.0021504406,0.0022046622,0.002247513,0.002293017,0.0023389787,0.0023790088,0.0024131348,0.0024257035,0.002428394,0.0024246278,0.0024143257
0.006318793,0.0052059107,0.0052001565,0.005189443,0.0052573415,0.0052382476,0.0052694697,0.005369126,0.005434613,0.0055079698,0.0056052515,0.005660246,0.0057091564,0.0057734526,0.0057865065,0.005774434,0.0057299803,0.005606756,0.005453511,0.0052291458,0.004955569,0.0046457737,0.004322382,0.003976359,0.0036397409,0.003322727,0.0030255762,0.0027585947,0.0025199738,0.0023428637,0.002233646,0.0021696126
0.008373547,0.0067980336,0.006679522,0.0065427087,0.006482263,0.006299948,0.006171259,0.0061193886,0.0060290005,0.005951953,0.0059024575,0.0058002225,0.0056888564,0.005590262,0.005442903,0.00528273,0.0051177293,0.004923491,0.00476071,0.0045996364,0.0044577383,0.00434745,0.0042824093,0.004241701,0.004239537,0.0042711482,0.0043121995,0.0043513235,0.0043543894,0.0043404517,0.0043163304,0.0042761792
0.0047794455,0.003721063,0.0035275724,0.0033715677,0.0033117246,0.003231144,0.0032067958,0.0032410133,0.0032696305,0.003322201,0.0034150837,0.0035133043,0.0036364545,0.0037976857,0.003950582,0.0041103247,0.004269839,0.0043912563,0.004497498,0.0045421715,0.004530169,0.00446552,0.0043766918,0.0042899316,0.0043377527,0.004462776,0.004593045,0.0047191004,0.004806434,0.0048775943,0.004942976,0.005003212
0.0056283856,0.004372843,0.004110294,0.0038572112,0.0036670768,0.003426524,0.0032347068,0.0030985738,0.0029588258,0.0028404524,0.0027611796,0.0026950461,0.0026841247,0.0027559984,0.00289491,0.0031214252,0.0034190938,0.0037272847,0.0040534316,0.004338362,0.0045723813,0.004745728,0.0048707137,0.004927224,0.004941955,0.0049197096,0.004850708,0.0047366307,0.0045541446,0.0043447297,0.0041365754,0.0039594565
0.011179539,0.0090254955,0.008815399,0.008582076,0.008455309,0.008157383,0.007914642,0.007757117,0.007537719,0.0073228427,0.007125959,0.0068656746,0.006590225,0.0063278303,0.0060064998,0.0056674858,0.005310869,0.00491727,0.0045566987,0.004210075,0.003896154,0.0036339036,0.00344463,0.003323486,0.0032765549,0.003287592,0.0033313108,0.0033961195,0.0034513131,0.0035159031,0.0035974286,0.0036949755
0.0072857705,0.0056566135,0.0052939607,0.004936436,0.0046533127,0.0042929384,0.0039689466,0.00369034,0.0033992806,0.003132519,0.0029063667,0.0026844023,0.0024861088,0.002349925,0.0022678128,0.0022270384,0.0022003304,0.0021544178,0.0020991676,0.0020139115,0.0018770065,0.001702904,0.001621353,0.0015569254,0.0014983093,0.0014493808,0.0014004736,0.0013522762,0.0013054229,0.0012648326,0.001238234,0.0012238392
0.008834717,0.007203973,0.0070928154,0.006954073,0.006892524,0.0066825077,0.0065007587,0.006368334,0.0061660176,0.0059478544,0.005729065,0.0054427073,0.00513554,0.0048446544,0.00451835,0.0041768346,0.0038367605,0.0035075354,0.003289653,0.0032000712,0.0031924567,0.0032062675,0.0032313436,0.003243643,0.0032503584,0.00324777,0.0032218692,0.003171597,0.0030759145,0.0029565725,0.002819646,0.0026726478
0.0027671081,0.0023116793,0.0023144407,0.0023262105,0.0023620664,0.002337786,0.0023355936,0.0023505362,0.0023443454,0.002351482,0.0023574077,0.0023336832,0.002340733,0.0023537748,0.0023143722,0.0022958203,0.0022720918,0.0022157177,0.002166257,0.0020857425,0.0019903588,0.0018973437,0.0017778614,0.0016749409,0.0016061576,0.0015512365,0.0015035003,0.0014578592,0.0013999664,0.0013367069,0.0012574738,0.0011727588
0.010019094,0.008141908,0.007958288,0.007697733,0.0074883215,0.0071030185,0.0067210677,0.0063811913,0.0059644054,0.0055232286,0.005103928,0.00466728,0.004269301,0.0039851964,0.0037728106,0.0036571352,0.0036141102,0.0035565034,0.003486157,0.0033574547,0.0031509101,0.002898952,0.0026213697,0.0023164588,0.0020311032,0.0017660604,0.0015348106,0.0013519702,0.0012176773,0.0011522438,0.0011423022,0.0011787927
0.011335493,0.009301181,0.009156406,0.008914685,0.008715026,0.00827623,0.007835757,0.007416066,0.006881335,0.0062929858,0.00568005,0.004988397,0.0042996914,0.0036321587,0.0029760362,0.0024128072,0.0021477458,0.00212379,0.0021631422,0.0022106122,0.0022427228,0.0022477405,0.0022233725,0.0021576546,0.0020590655,0.0019284176,0.0017702938,0.0016044169,0.0014802499,0.0014689348,0.001535193,0.001639829
0.0041087028,0.0035155907,0.0035969503,0.00362792,0.0036551936,0.0035628753,0.0034537257,0.003340457,0.003167168,0.0029600637,0.002726641,0.0024382286,0.0021215794,0.0018041037,0.0014893292,0.0012308863,0.0010787528,0.0010619563,0.0011588321,0.001295238,0.0014170426,0.0015127085,0.0015882534,0.0016585522,0.0017432552,0.0018367253,0.0019256544,0.001992742,0.0020226368,0.0020233623,0.0020080719,0.0019862512
0.005102045,0.0041500023,0.004041951,0.0038852615,0.00374529,0.003505484,0.00327459,0.003074383,0.002876901,0.002781734,0.002757523,0.0027273514,0.002703726,0.0026891958,0.002642674,0.0025640186,0.0024418973,0.0022629513,0.0020650118,0.0018542142,0.00167235,0.001568069,0.0015961109,0.0016882322,0.0017901676,0.0018829062,0.0019551704,0.0020027473,0.002006376,0.0019718541,0.0019009016,0.001796112
0.010820128,0.008745864,0.0084126955,0.007937725,0.007452947,0.0067286794,0.005980135,0.0052320533,0.004402199,0.0035750186,0.0028080756,0.00229886,0.0020821705,0.0019266037,0.0017823388,0.0016447991,0.0015389777,0.0015208246,0.0015286987,0.0015082343,0.0014612116,0.0013922149,0.0013073817,0.0012113471,0.001134355,0.0011069522,0.0011485814,0.001266666,0.001440928,0.0016516761,0.0018777334,0.00210291
0.009497185,0.007627298,0.0072856164,0.006814054,0.0063282945,0.005646683,0.0049672606,0.00431441,0.003622602,0.0030099528,0.0029888481,0.0029416415,0.0028739173,0.0027677687,0.0025721237,0.0023002524,0.0019708667,0.001639602,0.0014776218,0.0014680334,0.0015785744,0.00178278,0.0020243088,0.0022601623,0.0024872287,0.0026989023,0.002878584,0.0030186146,0.0031075254,0.0031705128,0.00322259,0.0032669364
0.00587845,0.0046261884,0.0044266754,0.004285018,0.004257727,0.0041587558,0.0040559466,0.003941603,0.0037298833,0.0034625698,0.0031447518,0.0027307642,0.0023031456,0.0019403783,0.0016401763,0.001438354,0.0013712817,0.001369617,0.0013663389,0.0013065244,0.0011923794,0.0010597364,0.0009394137,0.0008682667,0.00085223495,0.00086375634,0.00092721183,0.0011108287,0.0013042402,0.001455593,0.0015789889,0.0016772493
0.014355761,0.011318095,0.010487878,0.009364019,0.0081965495,0.0067158146,0.0052727372,0.003939077,0.0027628355,0.001992972,0.0017300039,0.0018644077,0.0020612206,0.0021855535,0.0022051854,0.0021320141,0.002034172,0.001904316,0.0017920545,0.0017347917,0.001665379,0.0016333127,0.0015972408,0.001566213,0.0015105268,0.0014351422,0.0013186196,0.0012244779,0.0012001417,0.0011912676,0.0012385576,0.0012833698
0.019353064,0.015573473,0.014742046,0.013468089,0.012126841,0.01040328,0.008978383,0.00861816,0.008255811,0.0077460636,0.007143327,0.006281527,0.0052245036,0.004169405,0.003470706,0.0031999454,0.0028458177,0.0024506585,0.002100039,0.0020564464,0.0020968867,0.0025462403,0.0030034361,0.00330096,0.0034122397,0.0034059791,0.0032631995,0.00305896,0.0029004826,0.0033484052,0.003773909,0.0041817
0.019044304,0.015347601,0.014679173,0.013752504,0.012813875,0.01169644,0.0112825595,0.012208705,0.013547899,0.015039827,0.016452836,0.017281385,0.017481815,0.017139738,0.016098512,0.0145487515,0.012774083,0.010983362,0.009403351,0.008344163,0.008413519,0.008755624,0.009253556,0.009780719,0.010262643,0.010663807,0.010843394,0.0107097905,0.01023016,0.009435886,0.008328594,0.007111375
0.06058169,0.05056425,0.048851352,0.046166185,0.044244602,0.039526828,0.033888742,0.02854719,0.02385422,0.020405298,0.017944774,0.01754363,0.01863192,0.020169929,0.020556446,0.018877277,0.016975738,0.018651834,0.018779866,0.017891232,0.016835438,0.015287992,0.015828222,0.016816532,0.01524843,0.011668793,0.007210275,0.0046898657,0.006836042,0.009600744,0.011645168,0.013179167
0.22288206,0.24039742,0.2978403,0.3525653,0.40769032,0.44824424,0.48329338,0.51518595,0.5352847,0.549145,0.5603748,0.56445235,0.5670599,0.5718507,0.57341874,0.57550097,0.57860065,0.5789413,0.5821917,0.58365554,0.5845407,0.58534795,0.5879178,0.5898236,0.5938434,0.5995928,0.604854,0.6090328,0.6078886,0.6045617,0.60038257,0.5953678
0.06583476,0.057270456,0.05615653,0.05240773,0.049786113,0.047055606,0.04413671,0.041939788,0.04031068,0.038929086,0.037003163,0.034938216,0.0331921,0.03178097,0.031031515,0.029903714,0.028402759,0.026520126,0.024784094,0.02359238,0.022248808,0.02088568,0.020094702,0.019649493,0.018800031,0.017193928,0.015054482,0.013345781,0.012167791,0.012096804,0.01253177,0.01274073
0.023180434,0.019572627,0.018780122,0.016841082,0.014186908,0.01089959,0.007516321,0.0048162243,0.0033031518,0.0029585185,0.003175988,0.0032716072,0.0031870436,0.0028055287,0.00243255,0.0024834848,0.002550432,0.002490455,0.002446565,0.0022399689,0.0019991475,0.0018834122,0.0019074763,0.0020781285,0.002244829,0.002432312,0.0026039013,0.0027456635,0.0029092259,0.002964105,0.002883773,0.002813505
0.010844281,0.009236718,0.008958776,0.008167235,0.007353632,0.006706911,0.0066156765,0.006528057,0.0060123894,0.0052222307,0.0042982516,0.0037445938,0.0037748779,0.004108944,0.0045910594,0.0050150114,0.005416988,0.0055539906,0.00562705,0.0055258237,0.005369587,0.005165298,0.005015032,0.004799571,0.0046528857,0.0044687996,0.0044269464,0.0043052305,0.0042100595,0.0039400873,0.0036704612,0.0032083492
0.008748564,0.0087466445,0.009620336,0.009682802,0.009082598,0.0076745716,0.005939452,0.0042303004,0.002999125,0.0024835444,0.0021313734,0.0017055725,0.0013971607,0.0013656466,0.001448739,0.0013691589,0.0012017975,0.0011879714,0.0013265788,0.0015366606,0.0016264996,0.0015238365,0.0012747261,0.0012556757,0.0013273035,0.0013390958,0.0015062816,0.001727721,0.0019281324,0.0020502368,0.0019986099,0.0017617745
0.014574754,0.012894217,0.01268592,0.01149837,0.00978485,0.007711656,0.006263172,0.00563496,0.005076147,0.0042732046,0.0032901436,0.0023426719,0.002100029,0.0021101523,0.0020269977,0.0017985741,0.0014678012,0.0011251251,0.0009082108,0.00084297895,0.00079179625,0.00070185534,0.0005764224,0.0004928627,0.0005331076,0.0007235054,0.0010508081,0.0014265854,0.0017568436,0.0019769582,0.002048552,0.0019570852
0.0063601243,0.0058747395,0.0068441154,0.0075159865,0.0077126157,0.0071544196,0.0061362926,0.0047822464,0.0032061625,0.0018203049,0.0011703538,0.0010731936,0.00094048417,0.0008178122,0.000732011,0.00071748445,0.0007315532,0.0007167584,0.00070893666,0.00071038824,0.00069808465,0.0006681001,0.00061376614,0.0005095705,0.0004004549,0.0003793775,0.00039488124,0.0003998696,0.0004085543,0.00044233873,0.00056336896,0.00071945187
0.011394487,0.009202284,0.008050598,0.006226918,0.0042823413,0.0030464437,0.0023732076,0.0018115881,0.0017140125,0.0015521839,0.0013670378,0.0015879489,0.0017002845,0.0015651687,0.0013187303,0.0009829934,0.00069469685,0.0007642529,0.00084747106,0.0008177258,0.0006682216,0.0004963241,0.0005984087,0.00074520655,0.0008810543,0.00085698033,0.0007301343,0.00087852456,0.0010075454,0.0010877665,0.0010907574,0.0011136797
0.014140159,0.012546076,0.012202665,0.01142876,0.011822626,0.010855948,0.00894481,0.006436102,0.004127605,0.0027965484,0.002273127,0.0022755119,0.0024618814,0.002514998,0.0023727755,0.0020272937,0.0015105981,0.00093712646,0.00066589226,0.0011573647,0.0017176071,0.002135456,0.0023911085,0.002669329,0.0031447064,0.00359204,0.003863861,0.0039555277,0.00395037,0.003946771,0.0039257947,0.0038165308
0.010705253,0.011908885,0.013989212,0.014022541,0.012082453,0.008275362,0.0040618656,0.001590677,0.00074681913,0.0009041291,0.0012169677,0.0012232927,0.0009815292,0.00060357637,0.00037800893,0.0005346324,0.000561425,0.0005581477,0.0006987925,0.0008882354,0.00094175036,0.0009718384,0.0010130103,0.0011791294,0.0012984602,0.0012324352,0.0010000465,0.0006867967,0.00040029918,0.00028772943,0.0004720387,0.000660974
0.025738765,0.023512274,0.021660712,0.016382838,0.009686643,0.0048249024,0.0031588848,0.0018470957,0.0011748539,0.0012090236,0.0016884888,0.001998184,0.0019633172,0.0017111462,0.0014787046,0.0014303363,0.0012380456,0.0010186828,0.0011152609,0.001559952,0.0022042983,0.0025301403,0.0025308116,0.002123348,0.0016470298,0.0015390969,0.0014478129,0.0011913447,0.001536897,0.0018426101,0.0020361,0.0018735369
0.03223331,0.027172118,0.021900266,0.013811316,0.010590892,0.008141258,0.0074074795,0.007838507,0.0072194263,0.0050988975,0.002513609,0.0021057033,0.0027803355,0.003758045,0.003936398,0.002982545,0.0029080098,0.0028736037,0.0034205173,0.0032026572,0.002911352,0.004094725,0.0041613826,0.0037521627,0.0022594694,0.0031066714,0.0034094993,0.00323076,0.0025322745,0.0023830628,0.0030526759,0.0030603746
0.055339992,0.06025803,0.0712698,0.08347497,0.09782597,0.10658858,0.11067097,0.11239136,0.11336085,0.11565606,0.11791701,0.11824572,0.11805925,0.11891853,0.12041527,0.12269361,0.124232635,0.12326086,0.122278556,0.121448964,0.120853074,0.12032617,0.12080661,0.12176263,0.122333586,0.12170227,0.12020786,0.11915842,0.118540496,0.11908809,0.12102172,0.12408667
0.027854046,0.022718225,0.01947479,0.0141807,0.00939028,0.0066916603,0.0061363834,0.0056319367,0.0053873505,0.0048350547,0.0030467166,0.0031890282,0.0032100885,0.0028989348,0.0034262147,0.0040720073,0.0041494416,0.0044916095,0.0036579676,0.0030856966,0.0030638007,0.0034400602,0.0036726093,0.004340361,0.0037312717,0.0032556748,0.003575851,0.0030066902,0.003195806,0.002317151,0.0023297605,0.0030147175
0.015298935,0.012343047,0.00917798,0.005369888,0.0035964132,0.0026518477,0.0022765151,0.0019810477,0.0016925379,0.0011443364,0.0014260765,0.0018250737,0.0017990015,0.0014307881,0.0013280881,0.0012050832,0.001487577,0.0014133675,0.0009915225,0.0007251282,0.0006757536,0.00065333955,0.000684503,0.0010402871,0.0015153702,0.0015494488,0.0011435627,0.00094620016,0.0010347019,0.00096235354,0.0007726165,0.0007205031
0.008621499,0.006937812,0.0060026767,0.0054739118,0.004319337,0.002561713,0.0021437951,0.0016563939,0.0008257376,0.00071713305,0.0010916478,0.001230676,0.0011228718,0.00087827275,0.0006167105,0.0007760276,0.00081539963,0.00064933195,0.0005730483,0.00091943325,0.0013793879,0.0016161612,0.0014879247,0.001189494,0.0008816745,0.00049505336,0.00028950543,0.00040264538,0.0004928569,0.00047258334,0.00036141984,0.0002965207
0.013794746,0.013102292,0.010557906,0.0058541237,0.003221211,0.0024408547,0.0013524814,0.0012941931,0.0016215825,0.0014986328,0.0010166884,0.0006763046,0.0007764075,0.00072772044,0.0006810108,0.0010212883,0.0012069838,0.0012830448,0.0014015784,0.0014914336,0.0015917367,0.0015425499,0.001235889,0.0010366972,0.00096747925,0.0007785515,0.0007059687,0.00087446766,0.0009404251,0.000876199,0.0010174526,0.0012470904
0.01221747,0.009609396,0.0057928907,0.0028167418,0.002432647,0.0013437319,0.00089097203,0.00092896033,0.0007633848,0.00041443657,0.0004451952,0.00055372395,0.0006496628,0.0007797413,0.0007137824,0.00081708794,0.0009105533,0.0007438297,0.00055479386,0.00090521446,0.0010653285,0.001031805,0.0008555235,0.0006482858,0.0007991816,0.0008363101,0.0007489238,0.00092982035,0.0010347456,0.00092568726,0.0009938655,0.0011152796
0.0109599875,0.006877714,0.004317926,0.0032097723,0.0022804658,0.0015494192,0.0011780862,0.0011706395,0.0010952046,0.00090829056,0.00042308687,0.0004345903,0.0009701723,0.0011340715,0.0008717127,0.00078084174,0.0012548218,0.0013409803,0.001052349,0.00088576635,0.0006062328,0.0007012658,0.0007028825,0.000598148,0.0006588633,0.00072035927,0.00058491586,0.0007016234,0.00086213206,0.0009054767,0.00050111517,0.00089089497
0.030344693,0.035505667,0.03480518,0.02836948,0.02547109,0.025300823,0.025167475,0.024407344,0.023611324,0.024199259,0.025362354,0.025905335,0.026591817,0.028207717,0.029851375,0.030794622,0.031360928,0.03206431,0.033192948,0.03421736,0.034908284,0.034967016,0.03512295,0.03550655,0.03600519,0.036537617,0.036921952,0.036885936,0.036478776,0.036596775,0.03724543,0.037530564
0.011415799,0.008481192,0.0039852397,0.0021342668,0.0016281701,0.0014013428,0.001452261,0.0013443003,0.0012230758,0.0012982615,0.0011428285,0.0008501077,0.0009325278,0.001142058,0.0012117417,0.00095519,0.0009464266,0.0010735666,0.0011310969,0.0010746692,0.0011315645,0.0010873532,0.0011095464,0.0010069082,0.0010484387,0.0010780157,0.001124394,0.001070184,0.001072709,0.0010805874,0.0011060175,0.0010720098
0.0049230265,0.0045706914,0.0026751803,0.0015513645,0.001071967,0.0006138133,0.0005500182,0.00056751317,0.00053897896,0.0006509577,0.00047620694,0.00037874776,0.00022044693,0.0003280285,0.00043198184,0.00032508862,0.00030543044,0.0003467603,0.00025232727,0.00018173053,0.00016111026,0.00014251778,0.00020082064,0.000191759,0.00013077016,0.000110115194,0.00011993784,0.0001277407,0.00010941649,9.649133e-05,0.00013095478,0.00015338176
0.0070640254,0.006239025,0.0040510907,0.0029761682,0.0017191328,0.00060777745,0.00037035835,0.0004290633,0.0006210014,0.0005182232,0.00025987995,0.00017956106,0.0002927017,0.00032567568,0.00033789815,0.00029015576,0.00017716986,0.0001422124,0.00017008492,0.00017332706,0.000110670655,5.7989637e-05,0.00014131305,0.00018028282,0.00021456112,0.00022152161,0.000234296,0.00020885831,0.00016150894,0.0001041022,7.423012e-05,0.00015111323
0.0065924185,0.0044378513,0.0011277812,0.0013664546,0.00089313876,0.00082424947,0.0011443291,0.0014490912,0.0008081787,0.0003524501,0.00058354245,0.0005501474,0.00045948528,0.00079710217,0.0008928114,0.0008383772,0.00074845203,0.00090864586,0.0007964057,0.0006791058,0.0009273162,0.0007430602,0.0007084523,0.0009610023,0.000808106,0.00072469556,0.0010092255,0.0008611317,0.0007969026,0.00092733087,0.0008164325,0.0008546178
0.0055794474,0.0054465826,0.008036979,0.009867907,0.0140748685,0.018244412,0.020111054,0.020281358,0.02400948,0.028259682,0.030645916,0.032522622,0.034288492,0.03491688,0.035913903,0.03769321,0.03943316,0.041484185,0.04402114,0.04609027,0.047567274,0.049343716,0.049545895,0.04907083,0.049896497,0.050943434,0.051937684,0.053525887,0.05472285,0.055349983,0.05690062,0.058534544
0.0051755905,0.00807655,0.0076537123,0.005580426,0.0026191687,0.0032936365,0.0012985517,0.0006263823,0.001003546,0.0012406027,0.0012152784,0.0011863611,0.0013343979,0.0011306517,0.0012899275,0.0013800608,0.0012236671,0.0014161468,0.0012836534,0.0013888193,0.0014432666,0.001612606,0.0014551005,0.0015156989,0.0016193772,0.0013683359,0.0017543336,0.0017850843,0.0016493447,0.0015214892,0.0015382142,0.0015535973
0.0025796168,0.00349801,0.0021489281,0.0007621224,0.00028598693,0.00039226326,0.00040296544,0.0002334959,0.00015756021,0.00014503575,0.00018563383,0.00019818544,7.095617e-05,0.000113929425,0.00017292656,0.0002669061,0.00017006099,0.000111408175,0.00015478002,8.6363325e-05,7.3570984e-05,0.00010638226,0.0002083057,0.0001848553,0.0002586993,0.00017081256,6.982429e-05,0.00012009354,0.0001518217,7.041571e-05,0.00010236209,0.00017463806
0.008444599,0.0059313397,0.0031916942,0.0022454862,0.0017453446,0.0012614705,0.0009600074,0.00025416707,0.00031088872,0.00021365497,0.00011331121,0.00025527892,0.00022312404,0.00024231998,0.0004114019,0.00039096046,0.0003429829,0.00031313198,0.00030538408,0.00049095764,0.0003385609,0.0003579692,0.00034631073,0.0004044047,0.00028764716,0.00033550206,0.00032381836,0.00020643164,0.00021181868,0.00039407084,0.0006168861,0.00033184804
0.016873164,0.016121812,0.007061348,0.007943003,0.007031865,0.010577777,0.011748386,0.010479548,0.010924785,0.011190559,0.011210632,0.011294946,0.010359225,0.00953452,0.008814068,0.008587924,0.009046845,0.009894648,0.010700135,0.01142566,0.011437465,0.011157596,0.01106376,0.010379542,0.009262909,0.0088451225,0.0091868555,0.009774652,0.01066007,0.011407743,0.011535944,0.010767813
0.0077709365,0.0050308327,0.0013577848,0.0016445183,0.0009195892,0.0006858617,0.00079832604,0.00068842166,0.00040232638,0.00035186112,0.0004392165,0.00036367576,0.00049952563,0.0003194441,0.00032713893,0.0002416106,0.00015040455,0.00021815242,0.0002722921,0.0002941867,0.00022447213,0.0002513722,0.0002407204,0.00024360996,0.00026047192,0.00035208132,0.00035551641,0.00044273076,0.00021550237,0.00015340924,0.00012892921,0.00023150633
0.006444504,0.0047287857,0.0031457895,0.0013088075,0.0015612431,0.00068230735,0.00063528103,0.0005872269,0.00044916355,0.00025353482,0.00039692805,0.00032265778,0.0004228571,0.000777738,0.0006417718,0.00036952674,0.00027996412,0.00026794925,0.0004449914,0.0004479371,0.0005685539,0.0006536233,0.0003174418,0.00032250487,0.00036902077,0.00036676953,0.0004068041,0.0004194375,0.0004416814,0.0004026576,0.00037827034,0.00029489995
0.009014315,0.018818444,0.009697222,0.010738458,0.00850063,0.0076837842,0.0072506024,0.0064331857,0.006986075,0.00820415,0.008894276,0.01024061,0.011035591,0.011048643,0.011827137,0.0128388535,0.013487224,0.014437161,0.015425833,0.016553102,0.01756487,0.018373953,0.019271098,0.019419082,0.019428844,0.019587975,0.019406471,0.01866961,0.018208312,0.017548751,0.016749442,0.016406232
0.003221487,0.004213647,0.00093247707,0.001371461,0.00061142957,0.0005404679,0.00070364523,0.00030374705,0.00031553878,0.00047435338,0.00056737516,0.0006589339,0.0007896571,0.0008415217,0.0008879048,0.0009533298,0.0009955914,0.0010162989,0.0010792058,0.0011461878,0.0011395685,0.001215697,0.0012925876,0.001288498,0.0013583425,0.0012802437,0.0013189875,0.0012537981,0.0012261313,0.0012078242,0.001200761,0.0011343865
0.0023482786,0.0052854805,0.003314284,0.00314351,0.0021905398,0.0019671463,0.001845125,0.0017198893,0.0016273146,0.0017315779,0.001802467,0.0016612182,0.001609985,0.0014924187,0.0013982856,0.0014004942,0.0013936019,0.0014091097,0.0014107499,0.0014666559,0.0014112671,0.0013956294,0.0012865444,0.0012185527,0.001099111,0.0011155868,0.0010873671,0.0011098322,0.0010780733,0.0011010838,0.0011066315,0.0010646834
0.0021376302,0.01077242,0.022056742,0.025292475,0.02086064,0.01932562,0.01775219,0.017362723,0.016017623,0.014795013,0.015753217,0.014500876,0.014040438,0.013491847,0.0125159575,0.012574866,0.012802772,0.012756136,0.012153889,0.012438951,0.01176775,0.011799848,0.011551277,0.010242624,0.010073306,0.009533212,0.009414878,0.009471616,0.009154805,0.009390248,0.008819192,0.008948079
0.0019277853,0.0019699563,0.0016376378,0.0011905854,0.00043173696,0.00033477446,0.0005889276,0.00060781284,0.000549919,0.0005037024,0.0003017954,0.00035097034,0.00025311555,0.0003295106,0.00029210205,0.00023128417,0.00028638224,0.0003088749,0.00037822154,0.00032452217,0.00034338832,0.00025507473,0.00027941808,0.00028032524,0.00022831635,0.00029387185,0.00025548544,0.00017849835,0.00022294646,0.00018327,0.00020434466,0.00019885231
0.0034916666,0.0042728414,0.0027250054,0.0016486602,0.0020287903,0.001225077,0.0018675538,0.0021084247,0.0019634299,0.0024421036,0.0029172369,0.0026076818,0.0017277161,0.0021422736,0.003092976,0.0032892032,0.0027566818,0.002012829,0.0020671044,0.0027840831,0.0033756758,0.0032008546,0.002366845,0.001544833,0.0011621601,0.0012639179,0.0014207552,0.001552743,0.0016091397,0.0016009663,0.0014427948,0.0012487761
0.0030940422,0.0020378928,0.001105799,0.0014778974,0.00073433586,0.00071039586,0.0006691433,0.0004534684,0.00044100886,0.00041367972,0.0005135716,0.00041275372,0.0005242866,0.00043879822,0.00043948632,0.00037163013,0.00044329264,0.00035045703,0.00041942197,0.00034222897,0.00044158238,0.00037723585,0.0002519875,0.0003182092,0.00027128388,0.00021393744,0.00012873484,0.00014627862,0.00020540688,0.00020199112,0.00016662771,0.00018655993
0.0009984334,0.010211707,0.008878652,0.010285832,0.010729745,0.009425564,0.009103208,0.00990496,0.010039485,0.00888639,0.008331118,0.008027684,0.008253888,0.0072379126,0.0058034123,0.0057545435,0.006055996,0.005937774,0.004756394,0.0036522297,0.0037530472,0.0036863475,0.0028926344,0.0017694386,0.0013733214,0.0012695555,0.0009490476,0.0009589191,0.0016654467,0.0018995123,0.0020805185,0.0021624982
0.002687873,0.0036023613,0.002620987,0.002466844,0.002747847,0.0027074127,0.0022065043,0.002093323,0.0021798601,0.002269853,0.0021290616,0.0018347848,0.001818739,0.0016242838,0.001375112,0.0013092484,0.0014025082,0.0012271057,0.0010544778,0.0008992806,0.0008264769,0.00082354166,0.00052588386,0.00042537414,0.00040017127,0.00032625682,0.00025836335,0.00031050522,0.00043421125,0.0004224179,0.00044220936,0.00049528346
0.004536227,0.021332901,0.017032031,0.014813598,0.014135749,0.013635695,0.013691484,0.012255951,0.010748199,0.008911686,0.0085213585,0.008197008,0.007831808,0.0070699113,0.0063266885,0.0056474023,0.005106766,0.0052913474,0.005421572,0.004793867,0.0042736083,0.0035679506,0.0031193772,0.0030591504,0.0025922104,0.002419435,0.002673403,0.0030298447,0.0033584558,0.0034101265,0.0034085123,0.0033678557
0.0029837068,0.0021755837,0.0016803781,0.0012816353,0.0013766872,0.0014717722,0.0011158218,0.0011256329,0.0009319151,0.0008695381,0.0006686591,0.0007250614,0.0007785586,0.00050883973,0.00055439794,0.00038011515,0.0003915141,0.00038980079,0.00047861066,0.00038169057,0.00033730257,0.000290949,0.0002634143,0.00028542508,0.0002220637,0.00020670152,0.00024283766,0.00030600047,0.0003134594,0.00035577136,0.00030900925,0.00035289704
0.0014296067,0.0028563845,0.0025400617,0.0010116084,0.0013418717,0.0014537941,0.0012911722,0.001481853,0.0010860525,0.0012737517,0.00075221364,0.0007285949,0.00096938474,0.0006345405,0.0007628751,0.00037794214,0.00044274883,0.0002621526,0.00012687563,0.000119469136,0.00037208528,0.0004357895,0.00052620616,0.0007412718,0.0007578779,0.00087380665,0.0009865884,0.0010267677,0.0010965376,0.0011928788,0.0011883246,0.0013624491
0.0025488678,0.0072187744,0.0068066716,0.0061387434,0.0053032693,0.0047515794,0.004044835,0.0044914684,0.004447412,0.0038462426,0.0035333002,0.003458028,0.0030502086,0.0030470057,0.0027040879,0.00267872,0.0023785722,0.0025425288,0.002531523,0.0023838324,0.0022705412,0.0021594523,0.0022144965,0.002219765,0.0021344076,0.0022319872,0.0022165452,0.0023072762,0.0022889823,0.0021595166,0.0022579653,0.0024080123
0.0014868055,0.0029795626,0.004050421,0.004241495,0.0029870206,0.0033733111,0.0030817396,0.002438704,0.0029556064,0.0024327503,0.0017683234,0.002028207,0.0017302166,0.0014727867,0.001569964,0.0013885353,0.0012542998,0.0013648903,0.0012664355,0.0010909495,0.001199301,0.0012148957,0.0010405466,0.0013215035,0.001367749,0.0012129779,0.0014791251,0.001416983,0.0012913868,0.0014401713,0.0014347362,0.00140695
0.002502849,0.007995964,0.008024568,0.006601274,0.00411346,0.005105397,0.0039808997,0.002353867,0.003247079,0.0028734466,0.0019736763,0.0026226265,0.0020141674,0.0013878486,0.0017746725,0.0014978728,0.0016214642,0.0019860293,0.0019821944,0.0018492403,0.0018144413,0.0017692646,0.0013635308,0.0019547457,0.0021137905,0.0014172272,0.0020707238,0.0017619355,0.0010794944,0.0017958403,0.001487784,0.0011428044
0.0033894433,0.009606769,0.013133834,0.013613847,0.0056875707,0.0024520885,0.0032435344,0.0029571436,0.0023749743,0.0027347098,0.00129661,0.001662195,0.002482932,0.0019388209,0.0024049154,0.0031265847,0.003036092,0.0034508684,0.0029557957,0.0020946166,0.0012895416,0.00079702475,0.0008716594,0.00065313064,0.0013424475,0.0015640097,0.0016397968,0.0018823212,0.002086389,0.001793486,0.0013098922,0.0009761147
0.0010396723,0.0026028054,0.0022450273,0.0022188048,0.0011351014,0.00069346576,0.00075426063,0.0007259515,0.0007298323,0.00079784234,0.00072186504,0.00090124516,0.0008516937,0.000955938,0.0012310151,0.0013875829,0.0012847587,0.0013867416,0.0011362844,0.0011028037,0.0010177507,0.0011116689,0.0010806255,0.0009851892,0.0010734559,0.0010686723,0.0010398302,0.0009084246,0.0008147493,0.00062918034,0.00055515673,0.00055593083
0.0008089253,0.0018348349,0.0019190493,0.000999669,0.001300436,0.0010249063,0.0008803752,0.0007246169,0.0007697267,0.00067754515,0.0006999789,0.00074343296,0.0007297295,0.00076195097,0.00082356133,0.00096713833,0.00089608715,0.0009402727,0.0009106682,0.00093142164,0.0009015272,0.0009622677,0.00088244973,0.00081239006,0.00075825123,0.000717217,0.000626417,0.000599295,0.0005809469,0.00053888885,0.0004900948,0.0005087485
0.0002628353,0.0020763837,0.0021572243,0.0012593097,0.0017395823,0.001342788,0.0010849414,0.0008722918,0.00077118835,0.0006555145,0.0005594008,0.0006137364,0.0006381896,0.0005822792,0.0006800415,0.0008340184,0.0008969465,0.0008656221,0.0008509335,0.0008852855,0.000871464,0.0009297815,0.00086381217,0.0008226454,0.0007193096,0.0006336818,0.0005631476,0.00052972994,0.00052526407,0.00045283147,0.00038257788,0.00043751273
0.0,0.0,0.0,0.0,0.0,0.0,0.0,0.0,0.0,0.0,0.0,0.0,0.0,0.0,0.0,0.0,0.0,0.0,0.0,0.0,0.0,0.0,0.0,0.0,0.0,0.0,0.0,0.0,0.0,0.0,0.0,0.0
0.0,0.0,0.0,0.0,0.0,0.0,0.0,0.0,0.0,0.0,0.0,0.0,0.0,0.0,0.0,0.0,0.0,0.0,0.0,0.0,0.0,0.0,0.0,0.0,0.0,0.0,0.0,0.0,0.0,0.0,0.0,0.0
0.0,0.0,0.0,0.0,0.0,0.0,0.0,0.0,0.0,0.0,0.0,0.0,0.0,0.0,0.0,0.0,0.0,0.0,0.0,0.0,0.0,0.0,0.0,0.0,0.0,0.0,0.0,0.0,0.0,0.0,0.0,0.0
